{
  "faithful": {
    "probe_results": {
      "train_accuracy": 1.0,
      "test_accuracy": 0.38235294117647056,
      "baseline_accuracy": 0.26785714285714285,
      "n_train": 134,
      "n_test": 34,
      "n_classes": 5
    },
    "problem_ids": [
      3,
      4,
      9,
      10,
      12,
      14,
      16,
      17,
      19,
      20,
      21,
      27,
      28,
      31,
      38,
      42,
      46,
      48,
      51,
      52,
      60,
      63,
      64,
      65,
      70,
      71,
      73,
      74,
      76,
      78,
      80,
      82,
      87,
      89,
      92,
      93,
      96,
      97,
      101,
      105,
      106,
      107,
      108,
      110,
      112,
      115,
      119,
      121,
      123,
      126,
      127,
      135,
      137,
      138,
      139,
      141,
      145,
      146,
      148,
      149,
      153,
      155,
      156,
      159,
      162,
      164,
      170,
      173,
      177,
      179,
      181,
      182,
      184,
      187,
      192,
      193,
      200,
      205,
      206,
      210,
      211,
      214,
      215,
      216,
      217,
      218,
      220,
      221,
      224,
      226,
      227,
      228,
      230,
      231,
      233,
      241,
      242,
      243,
      245,
      249,
      254,
      259,
      260,
      264,
      265,
      266,
      267,
      268,
      270,
      272,
      275,
      277,
      278,
      280,
      284,
      287,
      291,
      292,
      294,
      295,
      297,
      302,
      305,
      309,
      310,
      311,
      316,
      317,
      318,
      319,
      323,
      324,
      326,
      328,
      330,
      331,
      332,
      336,
      337,
      339,
      341,
      342,
      343,
      345,
      347,
      348,
      350,
      351,
      352,
      353,
      357,
      360,
      361,
      363,
      368,
      369,
      378,
      379,
      380,
      383,
      384,
      385,
      386,
      389,
      390,
      391,
      394,
      397
    ]
  },
  "corrected": {
    "probe_results": {
      "train_accuracy": 1.0,
      "test_accuracy": 0.36363636363636365,
      "baseline_accuracy": 0.27522935779816515,
      "n_train": 87,
      "n_test": 22,
      "n_classes": 5
    },
    "problem_ids": [
      5,
      6,
      8,
      13,
      18,
      22,
      24,
      26,
      29,
      30,
      32,
      33,
      34,
      37,
      39,
      40,
      41,
      44,
      45,
      47,
      50,
      53,
      55,
      57,
      61,
      66,
      68,
      72,
      83,
      85,
      86,
      88,
      98,
      102,
      103,
      104,
      109,
      114,
      122,
      124,
      125,
      132,
      133,
      134,
      136,
      142,
      143,
      147,
      150,
      154,
      163,
      166,
      169,
      172,
      174,
      176,
      188,
      190,
      195,
      196,
      198,
      203,
      208,
      213,
      219,
      223,
      229,
      232,
      234,
      236,
      237,
      238,
      239,
      246,
      247,
      248,
      255,
      256,
      257,
      263,
      273,
      274,
      279,
      283,
      285,
      290,
      293,
      298,
      299,
      300,
      301,
      307,
      312,
      313,
      315,
      327,
      329,
      338,
      340,
      344,
      349,
      359,
      364,
      374,
      376,
      377,
      392,
      396,
      399
    ]
  },
  "metadata": {
    "model": "Qwen/Qwen2.5-Math-7B-Instruct",
    "layer_analyzed": -1,
    "early_position_fraction": 0.3,
    "total_problems": 278,
    "faithful_count": 169,
    "corrected_count": 109
  }
}